               epoch,      train/box_loss,      train/obj_loss,      train/cls_loss,   metrics/precision,      metrics/recall,     metrics/mAP_0.5,metrics/mAP_0.5:0.95,        val/box_loss,        val/obj_loss,        val/cls_loss,               x/lr0,               x/lr1,               x/lr2
                   0,             0.10599,            0.027442,            0.037261,                   0,                   0,                   0,                   0,            0.067303,             0.02621,            0.025289,              0.0991,              0.0001,              0.0001
                   1,             0.10057,            0.026597,            0.037798,                   0,                   0,                   0,                   0,            0.066442,            0.025802,            0.024791,            0.097299,          0.00029851,          0.00029851
                   2,             0.10619,            0.026896,            0.035801,                   0,                   0,                   0,                   0,            0.064976,            0.025122,            0.024015,            0.095495,          0.00049505,          0.00049505
                   3,             0.10209,            0.024788,            0.033951,                   0,                   0,                   0,                   0,            0.067419,            0.023924,            0.023863,             0.09369,           0.0006896,           0.0006896
                   4,            0.095571,            0.024956,            0.031855,                   0,                   0,                   0,                   0,            0.066298,             0.02299,            0.023431,            0.091882,          0.00088218,          0.00088218
                   5,            0.090686,            0.028363,            0.031026,           0.0049444,                   1,            0.020947,           0.0062842,            0.052727,            0.022687,            0.022189,            0.090073,           0.0010728,           0.0010728
                   6,            0.089209,            0.025395,            0.025942,           0.0035939,                   1,           0.0048655,           0.0034059,            0.062749,            0.019688,            0.021035,            0.088261,           0.0012614,           0.0012614
                   7,            0.076927,            0.022965,            0.023862,           0.0027836,                   1,           0.0036716,            0.002203,            0.053185,            0.019502,            0.016764,            0.086448,            0.001448,            0.001448
                   8,            0.074231,             0.02205,            0.020466,           0.0024907,                   1,           0.0028841,           0.0011536,             0.05138,            0.019442,            0.015768,            0.084633,           0.0016327,           0.0016327
                   9,            0.085303,            0.021226,            0.021285,           0.0024615,                   1,           0.0043929,           0.0017538,            0.060109,            0.018028,            0.016954,            0.082815,           0.0018154,           0.0018154
                  10,            0.076173,            0.024096,            0.018643,           0.0023378,                   1,           0.0029158,           0.0011663,            0.046665,            0.019436,            0.013441,            0.080996,            0.001996,            0.001996
                  11,            0.070635,            0.023148,            0.015945,           0.0021529,                   1,           0.0053495,           0.0010699,            0.050005,            0.018452,            0.012125,            0.079175,           0.0021748,           0.0021748
                  12,            0.074093,            0.025347,            0.013942,            0.001993,                   1,           0.0092991,           0.0050379,            0.037988,            0.019482,            0.010405,            0.077352,           0.0023515,           0.0023515
                  13,            0.079213,             0.01954,            0.015436,            0.002004,                   1,           0.0023153,          0.00092612,            0.048923,            0.018268,             0.01512,            0.075526,           0.0025263,           0.0025263
                  14,            0.074642,            0.024714,            0.014373,           0.0018613,                   1,           0.0020379,          0.00080485,            0.045303,            0.018064,            0.015454,            0.073699,            0.002699,            0.002699
                  15,            0.065019,            0.019133,            0.011377,           0.0016064,                   1,            0.034609,             0.01457,            0.043369,            0.017334,           0.0052352,             0.07187,           0.0028698,           0.0028698
                  16,             0.06827,            0.022354,            0.010237,           0.0014561,                   1,            0.034609,            0.014072,            0.047205,            0.016461,           0.0046407,            0.070039,           0.0030386,           0.0030386
                  17,            0.071172,            0.019956,           0.0079114,           0.0013928,                   1,            0.086522,            0.034609,            0.036703,            0.017429,           0.0074387,            0.068205,           0.0032055,           0.0032055
                  18,            0.069891,            0.021878,           0.0079047,           0.0014025,                   1,               0.199,            0.077628,            0.042719,            0.016028,           0.0065956,             0.06637,           0.0033703,           0.0033703
                  19,            0.076318,             0.02374,           0.0089093,           0.0014744,                   1,            0.025844,           0.0063753,            0.045094,             0.01511,           0.0051106,            0.064533,           0.0035332,           0.0035332
                  20,            0.067051,            0.020987,           0.0064827,           0.0014519,                   1,             0.24875,             0.14925,            0.035675,            0.015792,             0.00443,            0.062694,           0.0036941,           0.0036941
                  21,            0.053372,            0.016677,           0.0054788,           0.0014301,                   1,            0.088444,            0.026719,             0.03993,            0.015083,           0.0037063,            0.060853,            0.003853,            0.003853
                  22,            0.069284,            0.018241,           0.0050169,            0.001407,                   1,             0.18091,            0.073297,            0.050864,            0.013902,           0.0032356,             0.05901,           0.0040099,           0.0040099
                  23,            0.071097,            0.016091,            0.006219,           0.0013713,                   1,             0.22111,            0.055928,            0.039638,            0.014574,           0.0031181,            0.057165,           0.0041649,           0.0041649
                  24,            0.071593,            0.019822,           0.0051391,           0.0011994,                   1,           0.0047837,           0.0023918,            0.066122,            0.012109,            0.002541,            0.055318,           0.0043179,           0.0043179
                  25,            0.070845,            0.016883,           0.0048688,           0.0012446,                   1,             0.13724,            0.033216,            0.047759,            0.013089,           0.0022908,            0.053469,           0.0044689,           0.0044689
                  26,            0.071387,            0.013865,           0.0052686,           0.0012457,                   1,            0.052368,            0.014994,            0.047818,            0.012488,           0.0020758,            0.051618,           0.0046179,           0.0046179
                  27,             0.06922,            0.020712,           0.0044443,           0.0012457,                   1,            0.052368,            0.014994,            0.047818,            0.012488,           0.0020758,            0.049765,           0.0047649,           0.0047649
                  28,              0.0695,            0.014677,           0.0055659,           0.0012784,                   1,             0.23412,            0.026708,            0.048983,            0.012232,            0.002169,             0.04791,             0.00491,             0.00491
                  29,            0.070048,            0.015797,           0.0054274,           0.0012602,                   1,               0.995,              0.3986,            0.054774,            0.010811,            0.001664,            0.046053,           0.0050531,           0.0050531
                  30,            0.076184,            0.014004,           0.0030775,           0.0012602,                   1,               0.995,              0.3986,            0.054774,            0.010811,            0.001664,            0.044194,           0.0051941,           0.0051941
                  31,            0.068831,            0.016752,           0.0051588,           0.0014383,                   1,             0.66333,             0.24322,            0.044546,            0.011713,           0.0025929,            0.042333,           0.0053333,           0.0053333
                  32,            0.058742,             0.01405,            0.004224,           0.0013145,                   1,            0.010392,           0.0044243,            0.051369,            0.011174,           0.0022238,             0.04047,           0.0054704,           0.0054704
                  33,            0.064186,            0.013534,           0.0045538,           0.0013145,                   1,            0.010392,           0.0044243,            0.051369,            0.011174,           0.0022238,            0.038606,           0.0056056,           0.0056056
                  34,            0.067742,            0.016171,           0.0048088,           0.0013391,                   1,               0.995,              0.3024,            0.048346,            0.010964,           0.0021219,            0.036739,           0.0057387,           0.0057387
                  35,            0.073787,            0.013575,           0.0049742,           0.0012903,                   1,               0.995,               0.597,            0.047084,            0.010929,           0.0025993,             0.03487,           0.0058699,           0.0058699
                  36,            0.066277,            0.014771,           0.0046532,           0.0012903,                   1,               0.995,               0.597,            0.047084,            0.010929,           0.0025993,            0.032999,           0.0059991,           0.0059991
                  37,            0.062881,            0.017884,             0.00436,           0.0012614,                   1,           0.0057102,           0.0022995,            0.047074,            0.010576,           0.0022896,            0.031126,           0.0061264,           0.0061264
                  38,            0.060076,            0.013625,           0.0044091,            0.031647,                   1,               0.995,              0.6965,            0.041194,            0.010393,           0.0014464,            0.029252,           0.0062516,           0.0062516
                  39,            0.060598,             0.01621,           0.0035141,            0.031647,                   1,               0.995,              0.6965,            0.041194,            0.010393,           0.0014464,            0.027375,           0.0063749,           0.0063749
                  40,            0.070299,            0.014004,           0.0040411,            0.022438,                   1,               0.995,               0.597,            0.038206,             0.01028,           0.0014485,            0.025496,           0.0064962,           0.0064962
                  41,            0.063055,            0.015661,           0.0036314,           0.0012618,                   1,            0.028714,            0.010348,            0.056605,           0.0090926,           0.0012585,            0.023616,           0.0066155,           0.0066155
                  42,            0.066437,            0.013347,           0.0033202,           0.0012618,                   1,            0.028714,            0.010348,            0.056605,           0.0090926,           0.0012585,            0.021733,           0.0067329,           0.0067329
                  43,            0.064697,            0.011605,           0.0033165,           0.0012165,                   1,             0.33167,             0.13326,            0.048476,           0.0095943,           0.0023473,            0.019848,           0.0068482,           0.0068482
                  44,            0.065051,            0.014895,           0.0035667,           0.0012165,                   1,             0.33167,             0.13326,            0.048476,           0.0095943,           0.0023473,            0.017962,           0.0069616,           0.0069616
                  45,            0.066748,            0.011917,           0.0037707,           0.0023221,                   1,               0.995,             0.20406,            0.044693,           0.0097703,           0.0016322,            0.016073,            0.007073,            0.007073
                  46,             0.05868,            0.011603,           0.0037235,           0.0023221,                   1,               0.995,             0.20406,            0.044693,           0.0097703,           0.0016322,            0.014182,           0.0071824,           0.0071824
                  47,             0.06985,            0.013229,           0.0046569,           0.0011287,                   1,               0.995,             0.11545,            0.046007,           0.0096936,           0.0014003,             0.01229,           0.0072898,           0.0072898
                  48,            0.058211,            0.013578,           0.0042105,           0.0011287,                   1,               0.995,             0.11545,            0.046007,           0.0096936,           0.0014003,            0.010395,           0.0073953,           0.0073953
                  49,            0.059806,            0.011764,           0.0047635,           0.0011296,                   1,               0.995,             0.34149,             0.06049,           0.0081337,           0.0012147,           0.0084988,           0.0074988,           0.0074988
                  50,            0.082244,           0.0091019,           0.0045569,           0.0011296,                   1,               0.995,             0.34149,             0.06049,           0.0081337,           0.0012147,            0.007525,            0.007525,            0.007525
                  51,            0.066448,            0.012958,           0.0043142,           0.0011322,                   1,               0.995,             0.39885,            0.046229,           0.0098817,           0.0014282,            0.007525,            0.007525,            0.007525
                  52,             0.05197,            0.013692,           0.0043654,           0.0011322,                   1,               0.995,             0.39885,            0.046229,           0.0098817,           0.0014282,           0.0074755,           0.0074755,           0.0074755
                  53,            0.052667,            0.016194,           0.0047418,           0.0011277,                   1,               0.995,              0.3007,            0.039023,           0.0098091,           0.0014566,            0.007426,            0.007426,            0.007426
                  54,            0.064457,              0.0162,            0.005424,           0.0011277,                   1,               0.995,              0.3007,            0.039023,           0.0098091,           0.0014566,           0.0073765,           0.0073765,           0.0073765
                  55,             0.06372,            0.015653,           0.0053365,            0.001541,                   1,               0.995,             0.54725,            0.043584,           0.0093525,           0.0013726,            0.007327,            0.007327,            0.007327
                  56,            0.049493,            0.015703,           0.0049055,            0.001541,                   1,               0.995,             0.54725,            0.043584,           0.0093525,           0.0013726,           0.0072775,           0.0072775,           0.0072775
                  57,            0.043733,            0.014159,           0.0041952,            0.001827,                   1,               0.995,               0.398,            0.046786,           0.0087489,           0.0012393,            0.007228,            0.007228,            0.007228
                  58,            0.060117,            0.012513,           0.0045305,            0.001827,                   1,               0.995,               0.398,            0.046786,           0.0087489,           0.0012393,           0.0071785,           0.0071785,           0.0071785
                  59,             0.06259,            0.012615,           0.0042895,           0.0032073,                   1,               0.995,               0.597,            0.034296,            0.009871,           0.0012879,            0.007129,            0.007129,            0.007129
                  60,            0.049116,            0.015127,           0.0040384,           0.0032073,                   1,               0.995,               0.597,            0.034296,            0.009871,           0.0012879,           0.0070795,           0.0070795,           0.0070795
                  61,            0.051409,            0.014791,           0.0038657,           0.0075603,                   1,               0.995,             0.39836,            0.047458,           0.0087584,           0.0011216,             0.00703,             0.00703,             0.00703
                  62,            0.062825,           0.0089536,            0.003542,           0.0075603,                   1,               0.995,             0.39836,            0.047458,           0.0087584,           0.0011216,           0.0069805,           0.0069805,           0.0069805
                  63,            0.053442,             0.01246,           0.0034323,           0.0058288,                   1,               0.995,              0.6965,            0.044777,           0.0098555,           0.0014048,            0.006931,            0.006931,            0.006931
                  64,            0.053056,            0.012474,           0.0039205,           0.0058288,                   1,               0.995,              0.6965,            0.044777,           0.0098555,           0.0014048,           0.0068815,           0.0068815,           0.0068815
                  65,            0.049243,            0.011505,           0.0039501,           0.0057804,                   1,               0.398,              0.2388,            0.041817,           0.0097618,           0.0011933,            0.006832,            0.006832,            0.006832
                  66,            0.054912,            0.012661,           0.0042405,           0.0057804,                   1,               0.398,              0.2388,            0.041817,           0.0097618,           0.0011933,           0.0067825,           0.0067825,           0.0067825
                  67,             0.06401,            0.012311,           0.0052769,            0.018057,                   1,             0.66333,             0.46433,            0.039912,            0.010128,           0.0011225,            0.006733,            0.006733,            0.006733
                  68,            0.055342,            0.013091,           0.0035777,            0.018057,                   1,             0.66333,             0.46433,            0.039912,            0.010128,           0.0011225,           0.0066835,           0.0066835,           0.0066835
                  69,             0.05653,            0.013811,            0.003419,             0.01145,                   1,               0.995,             0.39231,            0.036112,            0.010511,           0.0012827,            0.006634,            0.006634,            0.006634
                  70,            0.053102,            0.012213,           0.0035773,             0.01145,                   1,               0.995,             0.39231,            0.036112,            0.010511,           0.0012827,           0.0065845,           0.0065845,           0.0065845
                  71,            0.046224,            0.011464,           0.0036186,            0.013636,                   1,               0.995,              0.4975,            0.036172,            0.010254,           0.0011279,            0.006535,            0.006535,            0.006535
                  72,            0.048962,             0.01498,           0.0031803,            0.013636,                   1,               0.995,              0.4975,            0.036172,            0.010254,           0.0011279,           0.0064855,           0.0064855,           0.0064855
                  73,            0.045505,            0.015129,           0.0032467,            0.012704,                   1,              0.4975,               0.398,            0.036215,            0.010443,           0.0013032,            0.006436,            0.006436,            0.006436
                  74,            0.042891,            0.016642,           0.0034747,            0.012704,                   1,              0.4975,               0.398,            0.036215,            0.010443,           0.0013032,           0.0063865,           0.0063865,           0.0063865
                  75,            0.047749,            0.012113,           0.0033389,            0.024952,                   1,               0.995,             0.70876,            0.034342,           0.0098027,            0.001124,            0.006337,            0.006337,            0.006337
                  76,            0.038478,            0.013272,           0.0032618,            0.024952,                   1,               0.995,             0.70876,            0.034342,           0.0098027,            0.001124,           0.0062875,           0.0062875,           0.0062875
                  77,            0.042384,            0.013591,           0.0029367,            0.027048,                   1,               0.995,             0.30081,             0.04499,           0.0092484,           0.0012187,            0.006238,            0.006238,            0.006238
                  78,            0.050402,            0.009333,           0.0030698,            0.027048,                   1,               0.995,             0.30081,             0.04499,           0.0092484,           0.0012187,           0.0061885,           0.0061885,           0.0061885
                  79,            0.047158,            0.011974,            0.003673,            0.013505,                   1,               0.995,               0.796,            0.023158,            0.010516,           0.0012386,            0.006139,            0.006139,            0.006139
                  80,            0.045785,            0.011365,            0.003213,            0.013505,                   1,               0.995,               0.796,            0.023158,            0.010516,           0.0012386,           0.0060895,           0.0060895,           0.0060895
                  81,            0.046309,             0.01277,           0.0031764,            0.021317,                   1,               0.995,             0.49761,            0.033909,           0.0094573,           0.0012285,             0.00604,             0.00604,             0.00604
                  82,            0.038824,            0.011035,           0.0032498,            0.021317,                   1,               0.995,             0.49761,            0.033909,           0.0094573,           0.0012285,           0.0059905,           0.0059905,           0.0059905
                  83,            0.041232,            0.013733,           0.0036587,            0.024311,                   1,               0.995,              0.4975,            0.032409,           0.0089539,           0.0011584,            0.005941,            0.005941,            0.005941
                  84,            0.045379,            0.014804,           0.0029365,            0.024311,                   1,               0.995,              0.4975,            0.032409,           0.0089539,           0.0011584,           0.0058915,           0.0058915,           0.0058915
                  85,            0.045877,            0.010837,           0.0028182,            0.076557,                   1,               0.995,             0.29085,             0.03224,           0.0087769,           0.0012407,            0.005842,            0.005842,            0.005842
                  86,            0.049256,            0.010876,           0.0026738,            0.076557,                   1,               0.995,             0.29085,             0.03224,           0.0087769,           0.0012407,           0.0057925,           0.0057925,           0.0057925
                  87,            0.043778,            0.014432,           0.0027114,            0.082799,                   1,               0.995,               0.398,            0.040534,           0.0079572,           0.0011302,            0.005743,            0.005743,            0.005743
                  88,            0.051531,            0.012101,           0.0025521,            0.082799,                   1,               0.995,               0.398,            0.040534,           0.0079572,           0.0011302,           0.0056935,           0.0056935,           0.0056935
                  89,            0.049373,            0.012675,           0.0027442,            0.098242,                   1,               0.995,               0.796,            0.025224,            0.008906,           0.0012171,            0.005644,            0.005644,            0.005644
                  90,            0.032989,            0.014258,           0.0028899,            0.098242,                   1,               0.995,               0.796,            0.025224,            0.008906,           0.0012171,           0.0055945,           0.0055945,           0.0055945
                  91,            0.037713,            0.015186,           0.0028452,            0.029824,                   1,               0.995,             0.34141,            0.038021,           0.0078926,           0.0011586,            0.005545,            0.005545,            0.005545
                  92,             0.04333,           0.0099078,           0.0024423,            0.029824,                   1,               0.995,             0.34141,            0.038021,           0.0078926,           0.0011586,           0.0054955,           0.0054955,           0.0054955
                  93,            0.050453,            0.010992,           0.0025943,             0.16037,                   1,               0.995,              0.8955,            0.024651,           0.0082345,           0.0011678,            0.005446,            0.005446,            0.005446
                  94,            0.037094,            0.012902,           0.0028187,             0.16037,                   1,               0.995,              0.8955,            0.024651,           0.0082345,           0.0011678,           0.0053965,           0.0053965,           0.0053965
                  95,            0.034997,             0.01557,           0.0026927,             0.46217,                   1,               0.995,             0.43117,            0.036601,            0.007181,           0.0011128,            0.005347,            0.005347,            0.005347
                  96,             0.04028,             0.01096,           0.0022958,             0.46217,                   1,               0.995,             0.43117,            0.036601,            0.007181,           0.0011128,           0.0052975,           0.0052975,           0.0052975
                  97,             0.04357,            0.015093,           0.0025826,             0.81927,                   1,               0.995,               0.796,            0.021375,           0.0080227,           0.0011334,            0.005248,            0.005248,            0.005248
                  98,            0.030297,            0.012555,           0.0025341,             0.81927,                   1,               0.995,               0.796,            0.021375,           0.0080227,           0.0011334,           0.0051985,           0.0051985,           0.0051985
                  99,            0.031166,            0.012887,           0.0024264,             0.82166,                   1,               0.995,               0.597,            0.030706,           0.0069576,           0.0010807,            0.005149,            0.005149,            0.005149
                 100,            0.040758,           0.0096551,           0.0022198,             0.82166,                   1,               0.995,               0.597,            0.030706,           0.0069576,           0.0010807,           0.0050995,           0.0050995,           0.0050995
                 101,            0.035501,            0.015242,           0.0023373,             0.48737,                   1,               0.995,             0.80418,            0.024855,           0.0072918,           0.0011069,             0.00505,             0.00505,             0.00505
                 102,            0.030646,           0.0092521,           0.0021678,             0.48737,                   1,               0.995,             0.80418,            0.024855,           0.0072918,           0.0011069,           0.0050005,           0.0050005,           0.0050005
                 103,            0.032815,            0.011363,           0.0024886,             0.85201,                   1,               0.995,              0.8955,            0.027983,           0.0070323,           0.0010994,            0.004951,            0.004951,            0.004951
                 104,            0.029893,            0.012462,           0.0022298,             0.85201,                   1,               0.995,              0.8955,            0.027983,           0.0070323,           0.0010994,           0.0049015,           0.0049015,           0.0049015
                 105,            0.029347,            0.014339,           0.0024334,             0.82964,                   1,               0.995,               0.597,            0.023583,           0.0070347,           0.0010899,            0.004852,            0.004852,            0.004852
                 106,            0.030996,            0.010734,            0.002283,             0.82964,                   1,               0.995,               0.597,            0.023583,           0.0070347,           0.0010899,           0.0048025,           0.0048025,           0.0048025
                 107,             0.03018,           0.0097854,           0.0019996,             0.87129,                   1,               0.995,              0.6965,            0.026469,           0.0065629,           0.0010095,            0.004753,            0.004753,            0.004753
                 108,            0.039753,           0.0099619,           0.0022091,             0.87129,                   1,               0.995,              0.6965,            0.026469,           0.0065629,           0.0010095,           0.0047035,           0.0047035,           0.0047035
                 109,            0.032492,           0.0091941,           0.0019781,             0.88116,                   1,               0.995,             0.80214,            0.019326,           0.0066991,           0.0010702,            0.004654,            0.004654,            0.004654
                 110,            0.036757,           0.0094352,           0.0020774,             0.88116,                   1,               0.995,             0.80214,            0.019326,           0.0066991,           0.0010702,           0.0046045,           0.0046045,           0.0046045
                 111,            0.031374,            0.013313,           0.0020353,             0.89155,                   1,               0.995,               0.796,             0.02672,           0.0062494,            0.001075,            0.004555,            0.004555,            0.004555
                 112,            0.037717,            0.010947,           0.0020721,             0.89155,                   1,               0.995,               0.796,             0.02672,           0.0062494,            0.001075,           0.0045055,           0.0045055,           0.0045055
                 113,            0.027432,           0.0089866,           0.0017909,             0.89058,                   1,               0.995,              0.8955,            0.017043,           0.0068324,           0.0012187,            0.004456,            0.004456,            0.004456
                 114,            0.030239,           0.0095493,           0.0021844,             0.89058,                   1,               0.995,              0.8955,            0.017043,           0.0068324,           0.0012187,           0.0044065,           0.0044065,           0.0044065
                 115,            0.031294,             0.01155,           0.0021209,             0.90765,                   1,               0.995,              0.8955,            0.016288,           0.0065681,           0.0011465,            0.004357,            0.004357,            0.004357
                 116,            0.033584,            0.014463,           0.0020181,             0.90765,                   1,               0.995,              0.8955,            0.016288,           0.0065681,           0.0011465,           0.0043075,           0.0043075,           0.0043075
                 117,            0.032346,            0.011308,           0.0021233,             0.87766,                   1,               0.995,               0.796,            0.022971,            0.006385,           0.0011972,            0.004258,            0.004258,            0.004258
                 118,            0.031389,            0.011615,             0.00219,             0.87766,                   1,               0.995,               0.796,            0.022971,            0.006385,           0.0011972,           0.0042085,           0.0042085,           0.0042085
                 119,            0.035954,            0.010086,           0.0022817,             0.93273,                   1,               0.995,              0.8955,            0.014492,           0.0063719,           0.0012275,            0.004159,            0.004159,            0.004159
                 120,            0.026067,            0.012746,           0.0019018,             0.93273,                   1,               0.995,              0.8955,            0.014492,           0.0063719,           0.0012275,           0.0041095,           0.0041095,           0.0041095
                 121,            0.034968,           0.0095844,            0.002004,             0.93733,                   1,               0.995,               0.796,            0.020513,           0.0058646,           0.0011866,             0.00406,             0.00406,             0.00406
                 122,            0.034777,            0.010045,           0.0018692,             0.93733,                   1,               0.995,               0.796,            0.020513,           0.0058646,           0.0011866,           0.0040105,           0.0040105,           0.0040105
                 123,            0.026812,           0.0074175,            0.001686,             0.94965,                   1,               0.995,               0.597,            0.025165,           0.0055602,           0.0012518,            0.003961,            0.003961,            0.003961
                 124,            0.029728,            0.010047,           0.0018728,             0.94965,                   1,               0.995,               0.597,            0.025165,           0.0055602,           0.0012518,           0.0039115,           0.0039115,           0.0039115
                 125,             0.02614,           0.0082436,           0.0017718,             0.95115,                   1,               0.995,              0.8955,            0.014105,             0.00592,           0.0012162,            0.003862,            0.003862,            0.003862
                 126,            0.028869,            0.010323,           0.0019569,             0.95115,                   1,               0.995,              0.8955,            0.014105,             0.00592,           0.0012162,           0.0038125,           0.0038125,           0.0038125
                 127,            0.027684,            0.011231,           0.0019915,             0.95593,                   1,               0.995,              0.8955,            0.017675,            0.005639,            0.001179,            0.003763,            0.003763,            0.003763
                 128,            0.027759,           0.0084606,           0.0018466,             0.95593,                   1,               0.995,              0.8955,            0.017675,            0.005639,            0.001179,           0.0037135,           0.0037135,           0.0037135
                 129,            0.029933,           0.0084893,            0.001869,             0.95913,                   1,               0.995,               0.796,            0.014148,           0.0057553,           0.0012675,            0.003664,            0.003664,            0.003664
                 130,            0.029643,            0.012847,           0.0022929,             0.95913,                   1,               0.995,               0.796,            0.014148,           0.0057553,           0.0012675,           0.0036145,           0.0036145,           0.0036145
                 131,            0.020546,           0.0098811,           0.0019134,             0.96245,                   1,               0.995,              0.8955,            0.015845,           0.0054975,           0.0012344,            0.003565,            0.003565,            0.003565
                 132,            0.030271,            0.011141,           0.0017228,             0.96245,                   1,               0.995,              0.8955,            0.015845,           0.0054975,           0.0012344,           0.0035155,           0.0035155,           0.0035155
                 133,            0.030299,            0.014078,           0.0018467,             0.96532,                   1,               0.995,              0.8955,            0.018171,           0.0053803,           0.0012263,            0.003466,            0.003466,            0.003466
                 134,            0.028125,            0.010945,           0.0020342,             0.96532,                   1,               0.995,              0.8955,            0.018171,           0.0053803,           0.0012263,           0.0034165,           0.0034165,           0.0034165
                 135,            0.027052,            0.011764,           0.0015101,             0.96938,                   1,               0.995,               0.796,            0.014503,           0.0054528,           0.0011849,            0.003367,            0.003367,            0.003367
                 136,            0.025476,            0.010215,           0.0017745,             0.96938,                   1,               0.995,               0.796,            0.014503,           0.0054528,           0.0011849,           0.0033175,           0.0033175,           0.0033175
                 137,            0.025933,           0.0081732,           0.0016538,             0.88794,                   1,               0.995,               0.995,            0.018456,           0.0051839,           0.0011579,            0.003268,            0.003268,            0.003268
                 138,            0.028978,            0.010478,           0.0027505,             0.88794,                   1,               0.995,               0.995,            0.018456,           0.0051839,           0.0011579,           0.0032185,           0.0032185,           0.0032185
                 139,            0.029797,           0.0090745,           0.0017434,             0.93827,                   1,               0.995,               0.796,            0.017306,            0.005022,            0.001138,            0.003169,            0.003169,            0.003169
                 140,            0.024411,            0.010311,           0.0015039,             0.93827,                   1,               0.995,               0.796,            0.017306,            0.005022,            0.001138,           0.0031195,           0.0031195,           0.0031195
                 141,            0.027736,           0.0094174,           0.0014953,             0.97573,                   1,               0.995,              0.8955,            0.015357,           0.0048759,           0.0010517,             0.00307,             0.00307,             0.00307
                 142,            0.029711,           0.0069988,           0.0017139,             0.97573,                   1,               0.995,              0.8955,            0.015357,           0.0048759,           0.0010517,           0.0030205,           0.0030205,           0.0030205
                 143,            0.024543,           0.0091483,           0.0014719,             0.97692,                   1,               0.995,             0.73353,            0.015968,           0.0048342,           0.0010284,            0.002971,            0.002971,            0.002971
                 144,             0.02266,           0.0097302,           0.0013413,             0.97692,                   1,               0.995,             0.73353,            0.015968,           0.0048342,           0.0010284,           0.0029215,           0.0029215,           0.0029215
                 145,            0.024988,            0.010978,           0.0013732,             0.97796,                   1,               0.995,               0.995,            0.012335,           0.0047505,          0.00098226,            0.002872,            0.002872,            0.002872
                 146,            0.021785,            0.011137,           0.0014998,             0.97796,                   1,               0.995,               0.995,            0.012335,           0.0047505,          0.00098226,           0.0028225,           0.0028225,           0.0028225
                 147,            0.023759,           0.0099497,           0.0014236,             0.97903,                   1,               0.995,              0.8955,            0.013166,            0.004711,          0.00093451,            0.002773,            0.002773,            0.002773
                 148,              0.0252,           0.0079627,           0.0013477,             0.97903,                   1,               0.995,              0.8955,            0.013166,            0.004711,          0.00093451,           0.0027235,           0.0027235,           0.0027235
                 149,            0.025258,           0.0076182,           0.0012879,             0.97921,                   1,               0.995,               0.995,            0.012491,           0.0046292,          0.00089329,            0.002674,            0.002674,            0.002674
                 150,            0.023431,            0.009489,           0.0013967,             0.97921,                   1,               0.995,               0.995,            0.012491,           0.0046292,          0.00089329,           0.0026245,           0.0026245,           0.0026245
                 151,            0.020512,           0.0081197,           0.0013257,             0.97983,                   1,               0.995,               0.796,            0.015265,           0.0045985,           0.0008771,            0.002575,            0.002575,            0.002575
                 152,            0.022753,            0.010278,           0.0013566,             0.97983,                   1,               0.995,               0.796,            0.015265,           0.0045985,           0.0008771,           0.0025255,           0.0025255,           0.0025255
                 153,            0.023098,            0.012365,           0.0013134,             0.97925,                   1,               0.995,              0.8955,           0.0087509,           0.0045927,          0.00083304,            0.002476,            0.002476,            0.002476
                 154,            0.026341,           0.0082428,           0.0013383,             0.97925,                   1,               0.995,              0.8955,           0.0087509,           0.0045927,          0.00083304,           0.0024265,           0.0024265,           0.0024265
                 155,            0.018329,           0.0079737,           0.0012147,             0.97942,                   1,               0.995,             0.84553,            0.015301,           0.0045311,          0.00079014,            0.002377,            0.002377,            0.002377
                 156,            0.034528,           0.0068451,           0.0012341,             0.97942,                   1,               0.995,             0.84553,            0.015301,           0.0045311,          0.00079014,           0.0023275,           0.0023275,           0.0023275
                 157,            0.024268,           0.0081552,           0.0010905,             0.97851,                   1,               0.995,               0.995,           0.0087791,           0.0045761,          0.00077687,            0.002278,            0.002278,            0.002278
                 158,            0.019352,            0.010921,           0.0014848,             0.97851,                   1,               0.995,               0.995,           0.0087791,           0.0045761,          0.00077687,           0.0022285,           0.0022285,           0.0022285
                 159,            0.024751,           0.0090727,           0.0014202,              0.9786,                   1,               0.995,               0.796,            0.014477,           0.0044971,          0.00070783,            0.002179,            0.002179,            0.002179
                 160,            0.023829,           0.0085246,           0.0011282,              0.9786,                   1,               0.995,               0.796,            0.014477,           0.0044971,          0.00070783,           0.0021295,           0.0021295,           0.0021295
                 161,            0.019361,           0.0078532,           0.0010119,             0.97799,                   1,               0.995,              0.8955,           0.0070624,           0.0046043,          0.00071948,             0.00208,             0.00208,             0.00208
                 162,            0.016716,           0.0082072,          0.00093083,             0.97799,                   1,               0.995,              0.8955,           0.0070624,           0.0046043,          0.00071948,           0.0020305,           0.0020305,           0.0020305
                 163,            0.018918,           0.0063552,           0.0011611,              0.9788,                   1,               0.995,               0.995,            0.014061,           0.0044719,           0.0007027,            0.001981,            0.001981,            0.001981
                 164,             0.02043,            0.010439,            0.001111,              0.9788,                   1,               0.995,               0.995,            0.014061,           0.0044719,           0.0007027,           0.0019315,           0.0019315,           0.0019315
                 165,            0.020564,            0.008636,          0.00099358,             0.97932,                   1,               0.995,               0.995,           0.0077509,           0.0044681,          0.00068894,            0.001882,            0.001882,            0.001882
                 166,            0.023425,           0.0070327,           0.0011434,             0.97932,                   1,               0.995,               0.995,           0.0077509,           0.0044681,          0.00068894,           0.0018325,           0.0018325,           0.0018325
                 167,            0.017883,           0.0053205,          0.00081225,             0.97946,                   1,               0.995,               0.995,            0.013423,           0.0042147,           0.0006898,            0.001783,            0.001783,            0.001783
                 168,            0.019817,           0.0077654,           0.0010579,             0.97946,                   1,               0.995,               0.995,            0.013423,           0.0042147,           0.0006898,           0.0017335,           0.0017335,           0.0017335
                 169,              0.0207,            0.011448,            0.001283,             0.98011,                   1,               0.995,              0.8955,           0.0089158,           0.0042434,          0.00066512,            0.001684,            0.001684,            0.001684
                 170,            0.027169,           0.0076373,           0.0012225,             0.98011,                   1,               0.995,              0.8955,           0.0089158,           0.0042434,          0.00066512,           0.0016345,           0.0016345,           0.0016345
                 171,            0.020047,            0.011446,           0.0010682,             0.98052,                   1,               0.995,               0.995,            0.013405,           0.0042017,          0.00063386,            0.001585,            0.001585,            0.001585
                 172,            0.024935,           0.0087856,           0.0010155,             0.98052,                   1,               0.995,               0.995,            0.013405,           0.0042017,          0.00063386,           0.0015355,           0.0015355,           0.0015355
                 173,            0.022138,           0.0067887,           0.0018152,             0.98103,                   1,               0.995,              0.8955,            0.007222,            0.004201,          0.00063156,            0.001486,            0.001486,            0.001486
                 174,            0.019086,           0.0085804,          0.00095047,             0.98103,                   1,               0.995,              0.8955,            0.007222,            0.004201,          0.00063156,           0.0014365,           0.0014365,           0.0014365
                 175,            0.019309,           0.0076709,          0.00098862,             0.98129,                   1,               0.995,               0.995,              0.0119,            0.004102,          0.00062108,            0.001387,            0.001387,            0.001387
                 176,            0.017587,           0.0083553,           0.0009777,             0.98129,                   1,               0.995,               0.995,              0.0119,            0.004102,          0.00062108,           0.0013375,           0.0013375,           0.0013375
                 177,             0.01944,            0.006204,          0.00075069,              0.9815,                   1,               0.995,             0.80215,            0.008557,           0.0041572,          0.00061362,            0.001288,            0.001288,            0.001288
                 178,            0.020188,            0.009349,           0.0010759,              0.9815,                   1,               0.995,             0.80215,            0.008557,           0.0041572,          0.00061362,           0.0012385,           0.0012385,           0.0012385
                 179,            0.024038,           0.0095554,           0.0011022,             0.98212,                   1,               0.995,               0.995,           0.0090354,           0.0040356,          0.00060288,            0.001189,            0.001189,            0.001189
                 180,            0.017332,           0.0064301,          0.00095222,             0.98212,                   1,               0.995,               0.995,           0.0090354,           0.0040356,          0.00060288,           0.0011395,           0.0011395,           0.0011395
                 181,            0.016455,            0.008021,          0.00082374,             0.98201,                   1,               0.995,             0.90778,           0.0081916,           0.0040721,          0.00059287,             0.00109,             0.00109,             0.00109
                 182,            0.015133,           0.0070441,          0.00096151,             0.98201,                   1,               0.995,             0.90778,           0.0081916,           0.0040721,          0.00059287,           0.0010405,           0.0010405,           0.0010405
                 183,             0.01635,            0.010692,          0.00088092,              0.9824,                   1,               0.995,              0.8955,             0.00639,           0.0040536,          0.00057189,            0.000991,            0.000991,            0.000991
                 184,            0.020789,           0.0072142,          0.00096474,              0.9824,                   1,               0.995,              0.8955,             0.00639,           0.0040536,          0.00057189,           0.0009415,           0.0009415,           0.0009415
                 185,            0.016253,           0.0082279,          0.00092375,             0.98268,                   1,               0.995,              0.8955,           0.0063127,             0.00397,          0.00056794,            0.000892,            0.000892,            0.000892
                 186,             0.01378,           0.0084429,          0.00089741,             0.98268,                   1,               0.995,              0.8955,           0.0063127,             0.00397,          0.00056794,           0.0008425,           0.0008425,           0.0008425
                 187,            0.019034,           0.0085681,            0.000815,             0.98301,                   1,               0.995,             0.92029,           0.0059124,           0.0039341,          0.00055586,            0.000793,            0.000793,            0.000793
                 188,            0.016038,           0.0056251,          0.00083827,             0.98301,                   1,               0.995,             0.92029,           0.0059124,           0.0039341,          0.00055586,           0.0007435,           0.0007435,           0.0007435
                 189,              0.0111,           0.0053504,          0.00083474,             0.98319,                   1,               0.995,               0.995,            0.006378,           0.0039281,          0.00054076,            0.000694,            0.000694,            0.000694
                 190,            0.016884,           0.0081764,           0.0007948,             0.98319,                   1,               0.995,               0.995,            0.006378,           0.0039281,          0.00054076,           0.0006445,           0.0006445,           0.0006445
                 191,             0.01609,           0.0081205,          0.00084429,             0.98352,                   1,               0.995,               0.995,           0.0040456,           0.0039025,          0.00052463,            0.000595,            0.000595,            0.000595
                 192,            0.013963,           0.0069262,          0.00065733,             0.98352,                   1,               0.995,               0.995,           0.0040456,           0.0039025,          0.00052463,           0.0005455,           0.0005455,           0.0005455
                 193,            0.013809,           0.0062804,          0.00084405,               0.984,                   1,               0.995,               0.995,           0.0055062,           0.0038524,          0.00051499,            0.000496,            0.000496,            0.000496
                 194,            0.021079,           0.0071192,          0.00081931,               0.984,                   1,               0.995,               0.995,           0.0055062,           0.0038524,          0.00051499,           0.0004465,           0.0004465,           0.0004465
                 195,            0.013287,           0.0067813,          0.00091415,             0.98397,                   1,               0.995,               0.995,           0.0053515,           0.0037995,           0.0005057,            0.000397,            0.000397,            0.000397
                 196,             0.01719,            0.007981,          0.00083901,             0.98397,                   1,               0.995,               0.995,           0.0053515,           0.0037995,           0.0005057,           0.0003475,           0.0003475,           0.0003475
                 197,            0.016083,           0.0057503,          0.00088443,             0.98434,                   1,               0.995,               0.995,           0.0056658,           0.0037841,          0.00049278,            0.000298,            0.000298,            0.000298
                 198,             0.01817,           0.0064929,          0.00071008,             0.98434,                   1,               0.995,               0.995,           0.0056658,           0.0037841,          0.00049278,           0.0002485,           0.0002485,           0.0002485
                 199,            0.011436,           0.0057989,          0.00062687,              0.9844,                   1,               0.995,               0.995,           0.0055576,           0.0037832,          0.00048336,            0.000199,            0.000199,            0.000199
